date	preset	name	branch	sha	dirty	seed	epochs	train_min	f1	iou	mAP_50	mAP_50_95	mAP_50_mask	f1_trt	iou_trt	lat_trt_ms
2026-10-05T02:45	cityscapes_det	kd-m1280	kd	38e7442	1	42	55	95.3	0.707	0.4518	0.6363	0.3997		0.712	0.455	2.0
2026-10-05T04:27	cityscapes_det	kd-m1280	kd	38e7442	1	123	55	95.4	0.7076	0.4527	0.6192	0.3896		0.711	0.455	2.0
2026-10-05T06:09	cityscapes_det	kd-m1280	kd	38e7442	1	7	55	95.2	0.7069	0.4511	0.6138	0.3912		0.711	0.454	2.0
2026-10-05T07:37	cityscapes_det	base	kd	38e7442	1	42	55	81.5	0.7047	0.4484	0.617	0.3857		0.706	0.449	2.0
2026-10-05T09:05	cityscapes_det	base	kd	38e7442	1	123	55	81.5	0.7046	0.4487	0.6203	0.3867		0.709	0.453	2.0
2026-10-05T10:33	cityscapes_det	base	kd	38e7442	1	7	55	81.5	0.6989	0.4423	0.6232	0.3855		0.704	0.447	2.0
2026-10-06T02:23	cityscapes_seg	kd-m1280	kd	38e7442	1	42	55	539.1	0.688	0.4046	0.6352		0.5324	0.693	0.409	3.2
2026-10-06T11:38	cityscapes_seg	kd-m1280	kd	38e7442	1	123	55	539.0	0.6861	0.4037	0.6166		0.5145	0.695	0.411	3.1
2026-10-06T20:00	cityscapes_seg	base	kd	38e7442	1	42	55	485.3	0.6811	0.3998	0.6225		0.5209	0.688	0.406	3.1
2026-10-07T04:23	cityscapes_seg	base	kd	38e7442	1	123	55	487.1	0.6857	0.4038	0.6203		0.5137	0.692	0.41	3.1
