date	preset	name	branch	sha	dirty	seed	epochs	train_min	miou_torch	miou_trt	lat_trt_ms
2026-09-30T00:22	cityscapes	baseline	exp_base	cd5c783	1	42	40	52.9	0.7288	0.729	1.87
2026-09-30T01:21	cityscapes	baseline	exp_base	cd5c783	1	123	40	52.9	0.7319	0.732	1.86
2026-09-30T03:06	offroad	baseline	exp_base	cd5c783	1	42	30	96.3	0.6248	0.625	1.84
2026-09-30T04:49	offroad	baseline	exp_base	cd5c783	1	123	30	95.5	0.6226	0.623	1.83
2026-09-30T09:58	cityscapes	ohem-ce	exp/ohem-ce	3867a85	1	42	40	53.8	0.7247	0.723	1.84
2026-09-30T11:12	cityscapes	native-aspect-input	exp/native-aspect-input	a12eb96	1	42	40	51.8	0.7353	0.736	1.87
2026-09-30T12:11	cityscapes	native-aspect-input	exp/native-aspect-input	a12eb96	1	123	40	51.9	0.7428	0.742	1.86
2026-10-01T20:10	cityscapes	rare-class-sampling	exp/rare-class-sampling	15bfb29	1	42	40	51.8	0.7433	0.742	1.87
2026-10-01T21:09	cityscapes	rare-class-sampling	exp/rare-class-sampling	15bfb29	1	123	40	51.8	0.745	0.744	1.88
2026-10-01T22:13	cityscapes	boundary-label-relaxation	exp/boundary-label-relaxation	edce3c8	1	42	40	53.9	0.7331	0.732	1.86
2026-10-01T23:14	cityscapes	ema-horizon	exp/ema-horizon	0015b37	1	42	40	51.9	0.7379	0.738	1.87
2026-10-02T00:12	cityscapes	ema-horizon	exp/ema-horizon	0015b37	1	123	40	51.7	0.7342	0.734	1.88
2026-10-02T01:37	cityscapes	stride4-detail-skip	exp/stride4-detail-skip	3c37232	1	42	40	52.0	0.7419	0.742	1.89
2026-10-02T02:36	cityscapes	stride4-detail-skip	exp/stride4-detail-skip	3c37232	1	123	40	52.1	0.7464	0.746	1.89
2026-10-02T03:50	cityscapes	offset-learning-head	exp/offset-learning-head	3afa1ab	1	42	40	52.7	0.7292	0.729	1.94
2026-10-02T04:53	cityscapes	photometric-augs	exp/photometric-augs	8f31bec	1	42	40	53.3	0.735	0.737	1.89
2026-10-02T05:53	cityscapes	photometric-augs	exp/photometric-augs	8f31bec	1	123	40	53.5	0.7368	0.736	1.9
2026-10-02T06:54	cityscapes	backbone-lr-respect	exp/backbone-lr-respect	e97e4f7	1	42	40	51.9	0.7314	0.732	1.88
2026-10-02T08:22	cityscapes	cwd-distill-from-m	exp/cwd-distill-from-m	c075240	1	42	40	67.4	0.7519	0.752	1.88
2026-10-02T09:36	cityscapes	cwd-distill-from-m	exp/cwd-distill-from-m	c075240	1	123	40	67.4	0.7475	0.747	1.89
2026-10-02T12:10	offroad	abc-B-exp_base	exp_base	3c37232	1	42	30	96.1	0.6447	0.644	1.87
2026-10-02T13:53	offroad	abc-B-exp_base	exp_base	3c37232	1	123	30	95.7	0.6332	0.632	1.86
2026-10-02T15:37	offroad	abc-C-exp_base+rcs	exp/offroad-rcs	d0e7846	1	42	30	96.8	0.6498	0.65	1.88
2026-10-02T17:20	offroad	abc-C-exp_base+rcs	exp/offroad-rcs	d0e7846	1	123	30	95.5	0.6433	0.643	1.87
2026-10-02T19:22	cityscapes	rebase-rcs	HEAD	e5bf0fa	0	42	40	53.5	0.7336	0.733	1.89
2026-10-02T20:21	cityscapes	rebase-rcs	HEAD	e5bf0fa	0	123	40	52.5	0.7386	0.738	1.9
2026-10-02T21:19	cityscapes	drop-rotate90	HEAD	e5bf0fa	0	42	40	52.2	0.7441	0.744	1.89
2026-10-02T22:18	cityscapes	drop-rotate90	HEAD	e5bf0fa	0	123	40	52.0	0.742	0.741	1.89
2026-10-02T23:17	cityscapes	rebase-norcs	HEAD	e5bf0fa	0	42	40	52.4	0.7374	0.737	1.91
2026-10-03T00:16	cityscapes	rebase-norcs	HEAD	e5bf0fa	0	123	40	52.2	0.7434	0.744	1.88
2026-10-03T01:15	cityscapes	repro-exp_base	HEAD	3c37232	0	42	40	52.2	0.733	0.732	1.88
2026-10-03T02:14	cityscapes	repro-exp_base	HEAD	3c37232	0	123	40	52.1	0.7411	0.741	1.9
2026-10-03T03:12	cityscapes	norcs-norot	HEAD	e5bf0fa	0	42	40	52.0	0.7377	0.737	1.91
2026-10-03T04:11	cityscapes	norcs-norot	HEAD	e5bf0fa	0	123	40	52.1	0.7379	0.737	1.89
2026-10-03T15:30	offroad	goose-str4	HEAD	e5bf0fa	1	42	30	89.6	0.6338	0.632	1.88
2026-10-03T17:06	offroad	goose-nostr4	HEAD	e5bf0fa	1	42	30	88.4	0.6384	0.638	1.85
2026-10-03T18:43	offroad	goose-str4-rfs	HEAD	e5bf0fa	1	42	30	89.1	0.6376	0.638	1.86
2026-10-03T20:19	offroad	goose-str4	HEAD	e5bf0fa	1	123	30	89.0	0.633	0.633	1.86
2026-10-03T21:55	offroad	goose-nostr4	HEAD	e5bf0fa	1	123	30	88.6	0.6324	0.632	1.85
2026-10-03T23:32	offroad	goose-str4-rfs	HEAD	e5bf0fa	1	123	30	89.6	0.6371	0.638	1.87
2026-10-04T01:10	offroad	goose-str4	HEAD	e5bf0fa	1	7	30	89.7	0.6349	0.635	1.88
2026-10-04T02:48	offroad	goose-str4-rfs	HEAD	e5bf0fa	1	7	30	91.0	0.6361	0.636	1.88
2026-10-04T03:47	cityscapes	final-base	HEAD	e5bf0fa	1	42	40	52.1	0.7334	0.733	1.87
2026-10-04T04:45	cityscapes	final-rfs	HEAD	e5bf0fa	1	42	40	51.8	0.7358	0.735	1.86
2026-10-04T05:43	cityscapes	final-base	HEAD	e5bf0fa	1	123	40	51.6	0.7317	0.732	1.87
2026-10-04T06:42	cityscapes	final-rfs	HEAD	e5bf0fa	1	123	40	51.6	0.7294	0.729	1.86
2026-10-04T07:40	cityscapes	final-base	HEAD	e5bf0fa	1	7	40	51.6	0.7339	0.733	1.87
2026-10-04T08:38	cityscapes	final-rfs	HEAD	e5bf0fa	1	7	40	52.3	0.7327	0.733	1.87
